Latitud,Longitud
19.017269666666667,-98.24224983333333
19.017269666666667,-98.24224983333333
19.017269666666667,-98.24224983333333
19.017269666666667,-98.24224983333333
19.017269666666667,-98.24224966666667
19.017269666666667,-98.24224966666667
19.017269666666667,-98.2422495
19.017269666666667,-98.2422495
19.017269666666667,-98.24224916666667
19.017269666666667,-98.242249
19.017269666666667,-98.2422485
19.017269666666667,-98.242248
19.017269666666667,-98.24224716666667
19.017269666666667,-98.24224633333333
19.0172695,-98.24224516666666
19.0172695,-98.24224383333333
19.0172695,-98.24224233333334
19.017269333333335,-98.24224083333333
19.017269333333335,-98.242239
19.017269333333335,-98.242237
19.017269166666665,-98.242235
19.017269,-98.24223266666667
19.017268666666666,-98.24223033333334
19.017268333333334,-98.24222783333333
19.017268,-98.242225
19.017267666666665,-98.24222233333333
19.017267333333333,-98.24221933333334
19.017266833333334,-98.24221633333333
19.0172665,-98.24221333333334
19.017266,-98.24221
19.0172655,-98.24220683333333
19.017264833333332,-98.24220333333334
19.017264166666667,-98.24219983333333
19.0172635,-98.24219616666667
19.017262833333334,-98.24219233333334
19.017262,-98.24218866666666
19.017261166666668,-98.24218466666666
19.017260166666667,-98.24218066666667
19.01725933333333,-98.24217666666667
19.0172585,-98.2421725
19.0172575,-98.24216816666667
19.017256333333332,-98.24216383333334
19.017255333333335,-98.2421595
19.017254166666667,-98.242155
19.017253,-98.2421505
19.017251833333333,-98.24214583333334
19.017250833333332,-98.24214116666667
19.0172495,-98.2421365
19.017248333333335,-98.24213166666667
19.017247166666667,-98.24212666666666
19.017245833333334,-98.24212166666666
19.0172445,-98.24211666666666
19.017243166666667,-98.2421115
19.017241833333333,-98.24210616666667
19.0172405,-98.24210083333334
19.017239,-98.24209533333334
19.017237666666666,-98.24208983333334
19.017236166666667,-98.24208433333334
19.017234833333333,-98.24207866666667
19.017233333333333,-98.242073
19.017231833333334,-98.24206733333334
19.017230333333334,-98.2420615
19.017228833333334,-98.24205566666667
19.017227333333334,-98.24204966666667
19.01722566666667,-98.24204383333333
19.017224333333335,-98.24203783333333
19.017222666666665,-98.24203183333333
19.017221,-98.24202566666666
19.0172195,-98.24201766666667
19.017218,-98.24201083333334
19.0172165,-98.24200416666666
19.017215,-98.24199783333333
19.0172135,-98.24199133333333
19.017212,-98.24198483333333
19.017210333333335,-98.24197833333334
19.017208833333335,-98.24197183333334
19.017207166666665,-98.24196533333334
19.0172055,-98.24195883333333
19.017203833333333,-98.24195233333333
19.017202166666667,-98.24194566666667
19.0172005,-98.24193916666667
19.01719883333333,-98.24193266666667
19.017197166666666,-98.241926
19.0171955,-98.2419195
19.017193833333334,-98.24191283333333
19.017192166666668,-98.24190633333333
19.0171905,-98.24189983333333
19.017188833333332,-98.24189333333334
19.017187166666666,-98.24188683333334
19.017185333333334,-98.24188033333333
19.017183666666668,-98.24187383333333
19.017182,-98.24186733333333
19.017180333333332,-98.24186083333333
19.0171785,-98.2418545
19.017176833333334,-98.241848
19.017175,-98.2418415
19.017173333333332,-98.24183516666666
19.0171715,-98.24182866666666
19.017169833333334,-98.24182233333333
19.017168333333334,-98.241816
19.017166666666668,-98.2418095
19.017165,-98.24180316666667
19.017163333333333,-98.241797
19.017161833333333,-98.2417905
19.017160333333333,-98.24178416666666
19.017158666666667,-98.24177783333333
19.017156833333335,-98.2417715
19.017155333333335,-98.24176533333333
19.01715383333333,-98.241759
19.017152333333332,-98.24175266666667
19.017150666666666,-98.24174633333334
19.017149,-98.24174016666667
19.0171475,-98.24173383333333
19.017145833333334,-98.2417275
19.017144166666668,-98.24172116666666
19.0171425,-98.24171483333333
19.017140833333332,-98.2417085
19.017139333333333,-98.241702
19.017137666666667,-98.24169566666667
19.017136,-98.24168933333333
19.017134333333335,-98.24168283333333
19.017132666666665,-98.24167633333333
19.017131,-98.24166983333333
19.017129333333333,-98.24166333333334
19.017127666666667,-98.24165683333334
19.017126,-98.24165033333334
19.017124333333335,-98.24164383333333
19.0171225,-98.24163716666666
19.017120833333333,-98.24163066666667
19.017119166666667,-98.241624
19.0171175,-98.24161733333334
19.017115666666665,-98.24161066666667
19.017114,-98.241604
19.017112166666667,-98.24159733333333
19.0171105,-98.24159066666667
19.017108666666665,-98.24158383333334
19.017107,-98.24157716666667
19.017105166666667,-98.24157033333333
19.0171035,-98.24156366666666
19.017101666666665,-98.24155683333333
19.0171,-98.24155
19.017098166666667,-98.24154316666667
19.0170965,-98.2415365
19.017094666666665,-98.24152966666666
19.017093,-98.24152266666667
19.017091166666667,-98.24151583333334
19.0170895,-98.24150883333333
19.017087833333335,-98.241502
19.017086,-98.24149516666667
19.017084333333333,-98.24148816666667
19.0170825,-98.24148116666667
19.017080833333335,-98.24147433333333
19.017079,-98.24146733333333
19.017077333333333,-98.24146033333334
19.0170755,-98.2414535
19.01707366666667,-98.2414465
19.017071833333333,-98.2414395
19.017070166666667,-98.2414325
19.017068333333334,-98.24142566666667
19.0170665,-98.24141866666666
19.017064666666666,-98.24141183333333
19.017062833333334,-98.24140483333333
19.017061,-98.241398
19.017059333333332,-98.24139116666667
19.017057666666666,-98.24138416666666
19.017055833333334,-98.2413775
19.017054,-98.24137066666667
19.017052166666666,-98.24136383333334
19.0170505,-98.241357
19.017048666666668,-98.24135033333333
19.017046833333332,-98.2413435
19.017045,-98.24133683333334
19.017043333333334,-98.24133016666667
19.0170415,-98.2413235
19.017039666666665,-98.24131683333333
19.017038,-98.24131016666666
19.017036166666667,-98.24130366666667
19.0170345,-98.241297
19.01703283333333,-98.2412905
19.017031,-98.241284
19.017029333333333,-98.24127733333333
19.0170275,-98.24127083333333
19.017025833333335,-98.24126433333333
19.017023333333334,-98.24125766666667
19.0170215,-98.24125133333334
19.017019666666666,-98.24124483333334
19.017017833333334,-98.2412385
19.017016166666668,-98.24123216666666
19.0170145,-98.24122583333333
19.017012833333332,-98.2412195
19.017011166666666,-98.2412135
19.017009666666667,-98.2412075
19.017008,-98.2412015
19.0170065,-98.24119583333334
19.017005,-98.24119016666667
19.0170035,-98.2411845
19.0170025,-98.24117916666667
19.0170015,-98.24117383333333
19.0170005,-98.24116866666667
19.0169995,-98.24116366666667
19.016998333333333,-98.24115866666666
19.016997333333332,-98.24115383333333
19.016996333333335,-98.241149
19.0169955,-98.24114433333334
19.016995666666666,-98.24113983333334
19.016995666666666,-98.2411355
19.016995833333333,-98.24113133333333
19.016996,-98.24112716666667
19.016996,-98.24112316666667
19.016996333333335,-98.24111933333333
19.016996833333334,-98.2411155
19.0169975,-98.24111183333333
19.016998166666667,-98.24110816666666
19.01699916666667,-98.24110466666667
19.017000166666666,-98.24110133333333
19.0170015,-98.24109783333333
19.017002833333333,-98.24109466666667
19.0170045,-98.2410915
19.01700616666667,-98.24108866666667
19.017008166666667,-98.24108583333333
19.017010166666665,-98.24108333333334
19.017012333333334,-98.24108083333333
19.017014666666668,-98.24107866666667
19.017017166666665,-98.2410765
19.017019833333332,-98.2410745
19.017022666666666,-98.24107283333333
19.0170255,-98.24107116666667
19.01702866666667,-98.24106966666666
19.017031833333334,-98.24106833333333
19.017035166666666,-98.24106733333333
19.017038833333334,-98.24106633333334
19.017042333333332,-98.24106533333334
19.017046166666667,-98.2410645
19.01705,-98.24106383333333
19.017053833333332,-98.241063
19.017057833333332,-98.2410625
19.017062,-98.24106216666667
19.017066,-98.24106166666667
19.017070166666667,-98.24106116666667
19.0170745,-98.241061
19.017078833333333,-98.24106066666667
19.017083166666666,-98.24106033333334
19.017087666666665,-98.24106016666667
19.017092166666668,-98.24106
19.017096666666667,-98.24106
19.017101166666667,-98.24105983333334
19.017105833333332,-98.24105966666667
19.0171105,-98.24105966666667
19.017115166666667,-98.2410595
19.01712,-98.2410595
19.017124833333334,-98.24105966666667
19.017129666666666,-98.24105966666667
19.0171345,-98.2410595
19.0171395,-98.2410595
19.0171445,-98.24105966666667
19.0171495,-98.24105966666667
19.0171545,-98.2410595
19.017159666666668,-98.2410595
19.017164666666666,-98.24105933333334
19.01717,-98.24105933333334
19.017175,-98.24105933333334
19.017180166666666,-98.24105916666667
19.017185333333334,-98.24105916666667
19.0171905,-98.24105883333333
19.017195666666666,-98.24105883333333
19.017200833333334,-98.24105866666666
19.017205833333332,-98.2410585
19.017210833333333,-98.24105816666666
19.017215833333335,-98.241058
19.017220666666667,-98.24105766666666
19.017225333333332,-98.24105733333333
19.017230166666668,-98.241057
19.017234666666667,-98.2410565
19.017239166666666,-98.24105616666667
19.0172435,-98.2410555
19.017247666666666,-98.241055
19.017251666666667,-98.24105416666667
19.017255666666667,-98.2410535
19.0172595,-98.24105266666666
19.017263333333332,-98.2410515
19.017267166666667,-98.24105033333333
19.017271,-98.241049
19.01727483333333,-98.24104766666666
19.0172785,-98.24104633333333
19.017282333333334,-98.24104466666667
19.017286,-98.24104283333334
19.017289833333333,-98.24104116666666
19.0172935,-98.241039
19.01729733333333,-98.241037
19.017301,-98.24103483333333
19.017304833333334,-98.2410325
19.0173085,-98.24103016666666
19.017312333333333,-98.2410275
19.017316,-98.24102483333333
19.01731983333333,-98.24102216666667
19.0173235,-98.24101933333333
19.017327333333334,-98.2410165
19.017331166666665,-98.2410135
19.017335166666665,-98.2410105
19.017338833333334,-98.24100733333333
19.0173425,-98.241004
19.017346166666666,-98.24100066666666
19.017349833333334,-98.24099766666667
19.017353333333332,-98.24099433333333
19.017357,-98.240991
19.017360333333333,-98.24098766666667
19.017363666666668,-98.2409845
19.017366666666668,-98.24098116666667
19.017369833333333,-98.240978
19.017372666666667,-98.240975
19.017375333333334,-98.240972
19.017378,-98.24096916666667
19.0173805,-98.24096616666667
19.017383,-98.2409635
19.017385333333333,-98.240961
19.017387666666668,-98.2409585
19.017384,-98.240953
19.0173865,-98.24095083333333
19.017388666666665,-98.24094866666667
19.017390833333334,-98.24094633333333
19.01739316666667,-98.24094416666667
19.017395333333333,-98.240942
19.017397333333335,-98.24094016666666
19.017399166666667,-98.24093816666667
19.017401,-98.24093616666667
19.017403166666668,-98.24093416666666
19.0174055,-98.240932
19.017407833333333,-98.24092983333334
19.017410166666668,-98.24092766666666
19.017412666666665,-98.24092566666667
19.017415166666666,-98.24092333333333
19.017417333333334,-98.24092066666667
19.017419333333333,-98.24091766666666
19.017421333333335,-98.240915
19.017423666666666,-98.2409125
19.017426166666667,-98.24091
19.0174285,-98.2409075
19.017431,-98.24090483333333
19.017433666666665,-98.24090216666667
19.017436,-98.24089933333333
19.0174385,-98.24089633333334
19.017441166666668,-98.24089366666666
19.017443666666665,-98.2408905
19.0174465,-98.24088733333333
19.01744933333333,-98.240884
19.017452166666665,-98.24088066666667
19.017455166666668,-98.2408775
19.017457833333335,-98.24087433333334
19.017460166666666,-98.24087066666667
19.017462833333333,-98.24086733333333
19.017465333333334,-98.24086383333334
19.017468166666667,-98.2408605
19.017471333333333,-98.24085666666667
19.0174745,-98.240853
19.0174775,-98.24084916666666
19.017480666666668,-98.24084533333334
19.0174835,-98.240841
19.017486666666667,-98.24083683333333
19.017489833333332,-98.24083266666666
19.017493166666668,-98.2408285
19.0174965,-98.2408245
19.017499833333332,-98.24082016666667
19.017503166666668,-98.24081583333333
19.017506666666666,-98.24081133333334
19.017510166666668,-98.240807
19.017513666666666,-98.2408025
19.017517166666668,-98.24079783333333
19.0175205,-98.24079333333333
19.017524166666668,-98.2407885
19.017528,-98.24078366666667
19.0175315,-98.24077866666667
19.017535166666665,-98.2407735
19.017538666666667,-98.24076833333334
19.017542166666665,-98.24076333333333
19.017545833333333,-98.240758
19.0175495,-98.24075283333333
19.017553,-98.24074733333333
19.017556666666668,-98.240742
19.017560166666666,-98.2407365
19.017563666666668,-98.240731
19.017567166666666,-98.2407255
19.017570666666668,-98.24072
19.017574166666666,-98.24071433333333
19.017577666666668,-98.24070866666666
19.017581166666666,-98.240703
19.017584666666668,-98.24069733333333
19.017588,-98.24069166666666
19.017591333333332,-98.24068583333333
19.017594833333334,-98.24068016666666
19.017598166666666,-98.24067433333333
19.01760133333333,-98.24066833333333
19.017604833333333,-98.2406625
19.017608166666665,-98.24065666666667
19.0176115,-98.240651
19.017615,-98.24064516666667
19.017618333333335,-98.24063916666667
19.0176215,-98.24063316666667
19.017624833333333,-98.24062716666667
19.017628166666668,-98.24062133333334
19.0176315,-98.24061516666667
19.017634833333332,-98.24060933333334
19.017638,-98.24060316666667
19.017641333333334,-98.240597
19.017644666666666,-98.240591
19.017648166666667,-98.240585
19.0176515,-98.240579
19.017655,-98.240573
19.0176585,-98.240567
19.017662,-98.24056083333333
19.017665166666667,-98.24055483333333
19.01766883333333,-98.24054883333334
19.017672333333334,-98.24054283333334
19.017675833333332,-98.240537
19.017679666666666,-98.240531
19.017683166666668,-98.240525
19.017686833333332,-98.24051916666667
19.017690333333334,-98.24051316666667
19.017694166666665,-98.2405075
19.017697833333333,-98.24050166666666
19.017701666666667,-98.24049583333333
19.017706666666665,-98.24049183333334
19.0177105,-98.24048633333334
19.017714166666668,-98.240481
19.017718,-98.2404755
19.017721833333333,-98.24047033333333
19.0177255,-98.24046516666667
19.01772933333333,-98.24046016666667
19.017733,-98.24045533333333
19.0177365,-98.2404505
19.017740333333332,-98.240446
19.017743833333334,-98.2404415
19.0177475,-98.240437
19.017751166666667,-98.2404325
19.017754666666665,-98.24042816666666
19.017758333333333,-98.240424
19.017762166666667,-98.24041966666667
19.017765833333332,-98.2404155
19.0177695,-98.24041133333333
19.017773166666668,-98.24040716666667
19.017777,-98.24040316666667
19.017780833333333,-98.24039916666666
19.0177845,-98.24039516666667
19.017788333333332,-98.24039116666667
19.017792,-98.24038733333333
19.017795666666668,-98.24038383333334
19.017799166666666,-98.24038033333333
19.017802833333334,-98.24037666666666
19.017806666666665,-98.24037316666667
19.0178105,-98.2403695
19.017814333333334,-98.240366
19.017818166666668,-98.24036266666667
19.017821833333333,-98.24035933333333
19.017825666666667,-98.240356
19.017829333333335,-98.24035283333333
19.017833166666666,-98.2403495
19.017837,-98.24034633333333
19.017840833333334,-98.240343
19.017844666666665,-98.24033983333334
19.017848666666666,-98.24033666666666
19.017852666666666,-98.2403335
19.017856833333333,-98.24033033333333
19.017860833333334,-98.24032716666666
19.017865,-98.240324
19.017869166666667,-98.24032083333333
19.017873333333334,-98.24031783333334
19.017877666666667,-98.24031483333333
19.017882,-98.24031183333334
19.017886166666667,-98.240309
19.017890833333333,-98.240306
19.0178955,-98.240303
19.017900166666667,-98.24029983333334
19.017905,-98.24029683333333
19.0179095,-98.24029416666667
19.017914,-98.24029133333333
19.017918666666667,-98.24028866666667
19.0179235,-98.240286
19.017928333333334,-98.24028316666667
19.017933333333332,-98.2402805
19.017938166666667,-98.24027783333334
19.017943166666665,-98.240275
19.017948333333333,-98.2402725
19.017953333333335,-98.24027
19.017958333333333,-98.24026716666667
19.017963666666667,-98.24026483333333
19.017968833333335,-98.24026233333333
19.017973833333333,-98.24025983333334
19.017979,-98.24025733333333
19.017984333333334,-98.24025483333334
19.017989666666665,-98.2402525
19.017994833333333,-98.24025016666667
19.018,-98.24024766666666
19.018005333333335,-98.24024566666667
19.0180105,-98.24024333333334
19.018015666666667,-98.24024116666666
19.018020833333335,-98.240239
19.018025666666666,-98.240237
19.018030666666668,-98.240235
19.0180355,-98.240233
19.01804033333333,-98.240231
19.01804466666667,-98.240229
19.018049333333334,-98.24022733333334
19.018053833333333,-98.24022583333333
19.018058,-98.24022416666666
19.018062,-98.24022233333334
19.018066166666667,-98.24022066666667
19.018070166666668,-98.24021933333333
19.01807416666667,-98.24021783333333
19.018077833333333,-98.2402165
19.018081833333333,-98.24021466666666
19.018085666666668,-98.240213
19.018089333333332,-98.24021133333333
19.018093166666667,-98.24020983333334
19.018096833333335,-98.24020816666666
19.018100333333333,-98.24020633333333
19.018103833333335,-98.24020433333334
19.018107333333333,-98.24020233333333
19.018110833333335,-98.2402
19.018114333333333,-98.24019783333334
19.018117833333335,-98.2401955
19.0181215,-98.240193
19.018125166666668,-98.24019016666666
19.018128666666666,-98.24018716666667
19.018132333333334,-98.240184
19.018136166666668,-98.24018083333333
19.018139833333333,-98.24017766666667
19.018143666666667,-98.24017416666666
19.0181475,-98.2401705
19.0181515,-98.24016666666667
19.018155333333333,-98.24016283333333
19.018159333333333,-98.24015883333334
19.018163333333334,-98.24015483333334
19.0181675,-98.2401505
19.0181715,-98.24014633333333
19.018175666666668,-98.24014216666667
19.018180166666667,-98.24013783333334
19.0181845,-98.2401335
19.018189,-98.240129
19.018193666666665,-98.2401245
19.018198333333334,-98.24012016666667
19.018203333333332,-98.24011583333333
19.018208333333334,-98.2401115
19.0182135,-98.240107
19.018218833333332,-98.24010283333334
19.0182245,-98.24009883333333
19.018230166666665,-98.24009483333333
19.018236,-98.240091
19.018242166666667,-98.24008733333334
19.018248333333332,-98.24008383333333
19.018254833333334,-98.24008066666667
19.018261333333335,-98.2400775
19.018268,-98.2400745
19.018274833333333,-98.24007183333333
19.018281666666667,-98.24006933333334
19.018288666666667,-98.24006716666666
19.018295833333333,-98.24006533333333
19.018303166666666,-98.24006366666667
19.0183105,-98.24006216666666
19.018318,-98.24006116666666
19.0183255,-98.2400605
19.018333166666668,-98.24006016666667
19.018340666666667,-98.24005983333333
19.018348333333332,-98.24006016666667
19.018356,-98.240061
19.018363666666666,-98.240062
19.018371333333334,-98.24006333333334
19.018379,-98.240065
19.0183865,-98.24006716666666
19.018394,-98.24006966666667
19.0184015,-98.2400725
19.018408833333332,-98.24007566666667
19.01841616666667,-98.240079
19.0184235,-98.24008283333333
19.0184305,-98.24008683333334
19.018437666666667,-98.24009116666667
19.018444666666667,-98.2400955
19.018451666666667,-98.24010016666666
19.018458666666668,-98.24010483333333
19.0184655,-98.24010983333334
19.01847233333333,-98.240115
19.018479,-98.24012033333334
19.018485666666667,-98.24012583333334
19.018492166666668,-98.2401315
19.018498833333332,-98.24013733333334
19.018505333333334,-98.24014333333334
19.018511666666665,-98.2401495
19.018518166666667,-98.24015566666667
19.0185245,-98.24016183333333
19.018530833333333,-98.24016816666666
19.018537,-98.24017466666666
19.0185435,-98.24018116666667
19.018549666666665,-98.24018783333334
19.018555833333334,-98.2401945
19.018562,-98.24020133333333
19.018568166666668,-98.24020816666666
19.018574333333333,-98.24021516666667
19.018580333333333,-98.24022216666667
19.01858633333333,-98.24022916666667
19.0185925,-98.24023633333333
19.0185985,-98.2402435
19.0186045,-98.24025066666667
19.0186105,-98.24025783333333
19.0186165,-98.24026516666666
19.0186225,-98.2402725
19.018628666666668,-98.24028
19.0186345,-98.24028733333333
19.0186405,-98.24029483333334
19.0186465,-98.24030233333333
19.018652333333332,-98.24030983333333
19.018658333333335,-98.24031733333334
19.018664333333334,-98.240325
19.018670333333333,-98.24033266666666
19.01867633333333,-98.24034033333334
19.018682333333334,-98.240348
19.018688166666667,-98.24035583333334
19.018694166666666,-98.24036366666667
19.0187,-98.24037133333333
19.018706,-98.24037916666667
19.018712,-98.24038716666666
19.018717833333334,-98.240395
19.018723833333333,-98.24040283333333
19.01872983333333,-98.24041083333333
19.018735666666668,-98.24041883333334
19.018741666666667,-98.24042683333333
19.0187475,-98.24043483333334
19.018753333333333,-98.24044283333333
19.018759166666666,-98.24045116666667
19.018765,-98.24045916666667
19.018770833333335,-98.24046733333333
19.018776666666668,-98.2404755
19.018782333333334,-98.24048366666666
19.018788,-98.240492
19.018793666666667,-98.24050016666666
19.018799,-98.24050816666667
19.0188045,-98.24051633333333
19.018809833333332,-98.24052416666666
19.018815166666666,-98.24053183333334
19.018820333333334,-98.24053966666666
19.018825333333332,-98.24054733333334
19.0188305,-98.24055483333333
19.0188355,-98.24056216666666
19.0188405,-98.24056933333334
19.018845166666665,-98.24057666666667
19.01885,-98.24058383333333
19.018854666666666,-98.240591
19.01885933333333,-98.24059816666667
19.018863833333334,-98.24060516666667
19.018868166666667,-98.240612
19.018872333333334,-98.2406185
19.0188765,-98.24062483333333
19.0188805,-98.240631
19.0188845,-98.24063666666666
19.018888166666667,-98.2406425
19.018891833333335,-98.24064833333334
19.018895333333333,-98.24065383333334
19.018898833333335,-98.24065933333333
19.018902166666667,-98.24066483333333
19.0189055,-98.24067016666666
19.018908833333334,-98.24067533333333
19.018912166666667,-98.2406805
19.018915333333332,-98.24068566666666
19.0189185,-98.24069066666667
19.0189215,-98.2406955
19.018924333333334,-98.2407005
19.018927166666668,-98.240705
19.018929833333335,-98.24070966666666
19.018932666666668,-98.24071433333333
19.0189355,-98.24071916666666
19.0189385,-98.24072416666667
19.018941166666668,-98.24072916666667
19.018944166666667,-98.240734
19.018947,-98.240739
19.018949833333334,-98.24074383333334
19.0189525,-98.24074833333333
19.018955333333334,-98.240753
19.018958,-98.240758
19.018961,-98.24076316666667
19.018964166666667,-98.24076883333333
19.018967166666666,-98.24077433333333
19.018970333333332,-98.24077983333333
19.0189735,-98.2407855
19.018976666666667,-98.24079116666667
19.01898,-98.24079683333333
19.018983333333335,-98.24080266666667
19.0189865,-98.24080883333333
19.01899,-98.24081483333333
19.018993333333334,-98.240821
19.018996666666666,-98.24082716666666
19.019000166666668,-98.24083366666666
19.019003666666666,-98.24084016666667
19.019007,-98.2408465
19.019010666666667,-98.24085316666667
19.019014,-98.24085966666667
19.019017666666667,-98.2408665
19.01902116666667,-98.24087333333334
19.019024833333333,-98.24088016666667
19.019028333333335,-98.240887
19.019032166666666,-98.24089383333333
19.019035666666667,-98.240901
19.019039333333332,-98.2409085
19.019043,-98.24091566666667
19.019046666666668,-98.24092316666666
19.019050333333333,-98.24093066666667
19.019054,-98.24093816666667
19.019057833333335,-98.24094566666666
19.019061666666666,-98.24095316666667
19.0190655,-98.24096066666667
19.019069166666668,-98.2409685
19.019073166666665,-98.240976
19.019077,-98.24098383333333
19.019081,-98.2409915
19.019085,-98.2409995
19.019088833333335,-98.24100733333333
19.019092833333332,-98.24101516666667
19.019096666666666,-98.241023
19.019100666666667,-98.241031
19.019104666666667,-98.24103883333333
19.019108666666668,-98.24104666666666
19.01911266666667,-98.24105483333334
19.019116666666665,-98.24106283333333
19.0191205,-98.24107116666667
19.0191245,-98.2410795
19.0191285,-98.2410875
19.0191325,-98.24109583333333
19.019136333333332,-98.24110416666667
19.019140166666666,-98.24111233333333
19.019144,-98.24112083333333
19.019147833333335,-98.241129
19.019151833333332,-98.2411375
19.019155666666666,-98.24114583333333
19.019159333333334,-98.2411545
19.019163166666665,-98.24116283333333
19.019166833333333,-98.24117133333333
19.0191705,-98.24118
19.019174166666666,-98.24118866666667
19.019177833333334,-98.24119716666667
19.019181333333332,-98.24120566666667
19.019184833333334,-98.24121416666667
19.019188333333332,-98.24122283333334
19.019191833333334,-98.24123133333333
19.019195333333332,-98.24123983333334
19.019198833333334,-98.24124833333333
19.019202166666666,-98.24125683333334
19.0192055,-98.24126516666666
19.019208833333334,-98.24127366666667
19.019212,-98.24128216666666
19.019215166666665,-98.24129066666667
19.019218333333335,-98.24129916666666
19.0192215,-98.24130766666667
19.0192245,-98.241316
19.0192275,-98.24132433333334
19.019230666666665,-98.24133283333333
19.0192335,-98.24134133333334
19.0192365,-98.24134966666666
19.019239333333335,-98.241358
19.01924216666667,-98.24136633333333
19.019245,-98.24137483333334
19.019247833333335,-98.24138316666667
19.019250666666668,-98.2413915
19.01925333333333,-98.24139983333333
19.01925616666667,-98.24140816666667
19.019259,-98.2414165
19.0192615,-98.241425
19.019264166666666,-98.24143316666667
19.019266833333333,-98.2414415
19.0192695,-98.24144983333333
19.019271833333335,-98.24145833333333
19.019274333333332,-98.24146666666667
19.019277,-98.24147483333333
19.0192795,-98.24148316666667
19.019282,-98.2414915
19.0192845,-98.24149966666667
19.019287,-98.241508
19.019289333333333,-98.24151633333334
19.019291833333334,-98.2415245
19.01929416666667,-98.24153283333334
19.019296666666666,-98.24154083333333
19.019299166666666,-98.24154916666667
19.019301666666667,-98.24155733333333
19.019304,-98.24156533333333
19.019306333333333,-98.24157366666667
19.019308833333334,-98.24158166666666
19.019311166666668,-98.24158983333334
19.019313666666665,-98.24159783333333
19.019316,-98.24160566666667
19.019318333333334,-98.24161366666667
19.0193205,-98.2416215
19.019322833333334,-98.24162916666667
19.019325,-98.24163683333333
19.019327333333333,-98.2416445
19.019329333333335,-98.24165183333334
19.0193315,-98.24165916666666
19.0193335,-98.2416665
19.0193355,-98.24167366666667
19.019337666666665,-98.24168083333333
19.0193395,-98.24168783333333
19.0193415,-98.24169466666666
19.019343166666665,-98.2417015
19.019345,-98.24170783333334
19.019346833333334,-98.24171416666667
19.019348333333333,-98.24172033333333
19.019349833333333,-98.24172616666667
19.019351333333333,-98.241732
19.019352833333333,-98.2417375
19.019354333333332,-98.24174316666667
19.0193555,-98.24174866666667
19.019357,-98.24175383333333
19.019358333333333,-98.24175916666667
19.019359666666666,-98.24176416666667
19.019360833333334,-98.24176933333334
19.019362,-98.24177433333334
19.019363333333335,-98.24177933333333
19.0193645,-98.24178416666666
19.0193655,-98.24178833333333
19.0193665,-98.241793
19.0193675,-98.24179783333334
19.019368666666665,-98.24180266666667
19.019369666666666,-98.2418075
19.019371,-98.2418125
19.019372,-98.24181716666666
19.019373,-98.241822
19.019374166666665,-98.241827
19.019375333333333,-98.24183216666667
19.0193765,-98.24183716666667
19.0193775,-98.24184216666667
19.0193785,-98.2418475
19.019379666666666,-98.24185266666667
19.019380833333333,-98.241858
19.019382,-98.24186383333333
19.019383166666668,-98.24186966666667
19.019384333333335,-98.24187533333334
19.01938566666667,-98.24188116666667
19.019386666666666,-98.24188716666667
19.019388,-98.24189333333334
19.019389166666667,-98.2418995
19.0193905,-98.24190583333333
19.019391666666667,-98.24191216666667
19.019393,-98.24191866666666
19.019394333333334,-98.24192516666666
19.019395666666668,-98.24193183333334
19.019397166666668,-98.24193866666667
19.019398333333335,-98.2419455
19.019399666666665,-98.2419525
19.019401,-98.2419595
19.0194025,-98.2419665
19.01940383333333,-98.24197383333333
19.019405333333335,-98.241981
19.0194065,-98.2419885
19.019407833333332,-98.24199616666667
19.019409166666666,-98.24200383333333
19.019410666666666,-98.24201133333334
19.019411833333333,-98.24201916666667
19.019413166666666,-98.242027
19.0194145,-98.242035
19.019415666666667,-98.242043
19.019416833333334,-98.24205116666667
19.019418333333334,-98.2420595
19.019419666666668,-98.24206783333334
19.019420833333335,-98.24207616666666
19.019422166666665,-98.24208466666667
19.019423333333332,-98.24209316666666
19.019424833333332,-98.242102
19.019426166666666,-98.2421105
19.0194275,-98.24211916666667
19.019428833333333,-98.242128
19.01943,-98.24213683333333
19.019431,-98.24214566666667
19.019432333333334,-98.24215466666666
19.0194335,-98.24216366666667
19.0194345,-98.24217283333333
19.019436166666665,-98.242182
19.019437166666666,-98.24219133333334
19.019438,-98.2422005
19.01943916666667,-98.24221
19.019440333333332,-98.2422195
19.0194415,-98.242229
19.019442333333334,-98.24223866666667
19.019443833333334,-98.24224866666667
19.019444666666665,-98.2422585
19.019445666666666,-98.2422685
19.019446666666667,-98.2422785
19.0194475,-98.2422885
19.019448333333333,-98.24229816666667
19.019449166666668,-98.24230833333333
19.019450166666665,-98.24231833333333
19.019451,-98.24232866666667
19.019452,-98.242339
19.019452666666666,-98.2423495
19.0194535,-98.24235966666667
19.019454333333332,-98.24237
19.019455,-98.24238016666666
19.0194555,-98.24239033333333
19.019456,-98.2424005
19.019456333333334,-98.2424105
19.019456666666667,-98.24242033333333
19.019457166666665,-98.24243016666667
19.019457666666668,-98.24243983333334
19.019458,-98.2424495
19.019458333333333,-98.242459
19.019458666666665,-98.24246833333333
19.019458833333335,-98.2424775
19.019459333333334,-98.24248666666666
19.019459666666666,-98.2424955
19.019459833333332,-98.24250433333333
19.019460166666665,-98.24251266666667
19.0194605,-98.242521
19.019460666666667,-98.24252916666667
19.019461,-98.24253716666666
19.019461333333332,-98.24254483333333
19.0194615,-98.24255233333334
19.01946166666667,-98.24255933333333
19.019461833333335,-98.24256616666666
19.01946166666667,-98.2425725
19.019461833333335,-98.2425785
19.019461833333335,-98.2425845
19.019461833333335,-98.24258983333333
19.019462,-98.242595
19.019462,-98.2426
19.019462,-98.242605
19.019462,-98.24260966666667
19.019462166666667,-98.24261433333334
19.019462166666667,-98.242619
19.019462333333333,-98.24262333333333
19.019462333333333,-98.24262766666666
19.019462333333333,-98.2426315
19.019462333333333,-98.24263566666667
19.019462166666667,-98.24263983333333
19.0194625,-98.24264416666666
19.0194625,-98.2426485
19.0194625,-98.24265283333334
19.019462333333333,-98.24265733333333
19.019462166666667,-98.24266166666666
19.019462166666667,-98.24266583333333
19.019462166666667,-98.24267083333334
19.019462,-98.24267583333334
19.019462,-98.24268066666667
19.019462,-98.24268533333333
19.019461833333335,-98.2426905
19.019462,-98.2426955
19.019461833333335,-98.24270066666666
19.019461833333335,-98.2427065
19.01946166666667,-98.24271216666666
19.01946166666667,-98.24271766666666
19.0194615,-98.2427235
19.0194615,-98.24272933333333
19.0194615,-98.2427355
19.019461333333332,-98.24274166666666
19.019461333333332,-98.24274783333334
19.019461166666666,-98.24275433333334
19.019461166666666,-98.24276066666667
19.019461,-98.24276716666667
19.019461,-98.242774
19.019460833333333,-98.24278066666666
19.019461,-98.24278766666667
19.019461,-98.24279466666667
19.019461,-98.242802
19.019461166666666,-98.24280916666666
19.019461333333332,-98.24281666666667
19.019461333333332,-98.24282416666667
19.01946166666667,-98.24283183333333
19.019461833333335,-98.2428395
19.019462166666667,-98.2428475
19.0194625,-98.2428555
19.019462666666666,-98.24286366666666
19.019463,-98.24287183333334
19.0194635,-98.24288016666667
19.019464,-98.2428885
19.0194645,-98.242897
19.019465,-98.2429055
19.0194655,-98.24291416666667
19.019466,-98.242923
19.019466833333333,-98.24293166666666
19.0194675,-98.24294083333334
19.019468333333332,-98.24294983333333
19.019469166666667,-98.24295916666667
19.019470166666668,-98.24296833333334
19.019471166666666,-98.2429775
19.019472166666667,-98.24298683333333
19.019473333333334,-98.24299633333334
19.019474333333335,-98.24300583333333
19.019475833333335,-98.2430155
19.019477,-98.243025
19.019478333333332,-98.24303483333334
19.01947983333333,-98.24304466666666
19.019481333333335,-98.2430545
19.019483,-98.2430645
19.019484666666667,-98.2430745
19.0194865,-98.24308466666666
19.019488333333335,-98.24309483333333
19.019491,-98.24310783333334
19.019493166666667,-98.24311816666666
19.019495166666665,-98.2431285
19.019497333333334,-98.24313883333333
19.019499333333332,-98.24314933333333
19.019501666666667,-98.24315983333334
19.019503833333335,-98.24317033333334
19.019506166666666,-98.243181
19.0195085,-98.24319166666666
19.01951083333333,-98.24320233333333
19.0195135,-98.24321316666666
19.019516,-98.243224
19.019519,-98.24323466666667
19.019521666666666,-98.2432455
19.019524666666666,-98.2432565
19.019527666666665,-98.24326733333334
19.019530666666668,-98.24327833333334
19.019534,-98.24328933333334
19.019537333333332,-98.24330033333334
19.019540833333334,-98.24331116666667
19.019544333333332,-98.24332216666667
19.019548166666667,-98.243333
19.019551833333335,-98.243344
19.019555666666665,-98.24335483333333
19.019559666666666,-98.24336583333333
19.019563666666667,-98.24337666666666
19.019567833333333,-98.2433875
19.019572,-98.24339833333333
19.019576333333333,-98.24340916666667
19.019580666666666,-98.24341966666667
19.019585,-98.24343016666667
19.019589333333332,-98.24344066666667
19.019593666666665,-98.24345233333334
19.019597833333332,-98.24346316666667
19.0196025,-98.2434735
19.019606666666668,-98.243484
19.019611166666667,-98.24349433333333
19.019615666666667,-98.24350416666667
19.019620166666666,-98.24351416666667
19.019624833333335,-98.24352366666666
19.019629666666667,-98.243533
19.0196345,-98.24354233333334
19.0196395,-98.2435515
19.019644,-98.24356066666667
19.019648833333335,-98.2435695
19.019653666666667,-98.24357816666667
19.019658166666666,-98.243587
19.019662833333335,-98.24359516666667
19.0196675,-98.2436035
19.019672,-98.24361133333333
19.0196765,-98.243619
19.019681,-98.24362666666667
19.019685333333335,-98.24363383333333
19.019689666666668,-98.243641
19.019693666666665,-98.243648
19.019697666666666,-98.24365483333334
19.019701833333333,-98.24366116666667
19.0197055,-98.24366766666667
19.019709333333335,-98.243674
19.019713,-98.24368
19.0197165,-98.243686
19.01972,-98.24369166666666
19.019723166666665,-98.24369716666666
19.019726333333335,-98.2437025
19.019729333333334,-98.24370783333333
19.019732166666667,-98.24371283333333
19.0197345,-98.24371783333333
19.019737166666665,-98.2437225
19.019739333333334,-98.243727
19.0197415,-98.24373183333333
19.019743333333334,-98.2437365
19.019745166666667,-98.24374116666667
19.019746666666666,-98.24374583333334
19.019748166666666,-98.24375033333334
19.019749166666667,-98.24375466666666
19.019750166666668,-98.24375916666666
19.019751,-98.24376333333333
19.019751666666668,-98.24376766666667
19.019752166666667,-98.24377216666667
19.019752333333333,-98.24377666666666
19.0197525,-98.24378116666666
19.019752333333333,-98.2437855
19.019752,-98.24378983333334
19.019751666666668,-98.24379416666666
19.019750833333333,-98.2437985
19.019749833333332,-98.24380266666667
19.0197485,-98.24380683333334
19.019747333333335,-98.24381066666666
19.01974583333333,-98.2438145
19.019744,-98.243818
19.019741833333335,-98.2438215
19.01974,-98.24382466666667
19.019737666666668,-98.24382766666666
19.019735333333333,-98.24383066666667
19.019732833333332,-98.24383333333333
19.019730166666665,-98.24383583333334
19.019727333333332,-98.24383833333333
19.0197245,-98.2438405
19.0197215,-98.2438425
19.019718166666667,-98.24384433333333
19.01971483333333,-98.24384566666667
19.019711333333333,-98.24384716666667
19.019707666666665,-98.243848
19.019704,-98.24384883333333
19.019700333333333,-98.24384933333333
19.0196965,-98.24384966666666
19.019692666666668,-98.2438495
19.019688833333333,-98.24384933333333
19.019684833333333,-98.24384866666666
19.019681,-98.24384783333333
19.019677166666668,-98.24384666666667
19.019673166666667,-98.24384533333334
19.019669333333333,-98.24384366666666
19.0196655,-98.2438415
19.019661666666668,-98.24383916666666
19.019657833333333,-98.2438365
19.019654,-98.24383366666666
19.019650333333335,-98.2438305
19.019646833333333,-98.24382716666666
19.019643333333335,-98.24382366666667
19.019639666666666,-98.24381983333333
19.01963616666667,-98.243816
19.019632833333333,-98.243812
19.019629333333334,-98.24380766666667
19.019626,-98.24380316666667
19.019622666666667,-98.2437985
19.019619333333335,-98.24379366666666
19.019616,-98.24378883333333
19.0196125,-98.24378383333334
19.019609166666665,-98.24377883333334
19.019605666666667,-98.2437735
19.019602166666665,-98.24376816666667
19.019598666666667,-98.24376266666667
19.019595166666665,-98.243757
19.019591666666667,-98.24375116666667
19.019588,-98.24374516666667
19.019584333333334,-98.24373916666667
19.019580666666666,-98.243733
19.019577166666668,-98.24372666666666
19.0195735,-98.24372016666666
19.019569833333332,-98.24371366666666
19.019566,-98.243707
19.019562333333333,-98.24370033333334
19.0195585,-98.2436935
19.019554833333334,-98.2436865
19.019551,-98.24367933333333
19.019547166666666,-98.24367233333334
19.0195435,-98.24366533333334
19.019539833333333,-98.243658
19.019536,-98.24365066666667
19.019532166666668,-98.24364316666667
19.019528333333334,-98.24363566666666
19.019524333333333,-98.243628
19.0195205,-98.24362033333334
19.019516666666668,-98.2436125
19.019512666666667,-98.24360466666667
19.019508833333333,-98.24359683333333
19.019505,-98.24358866666667
19.019501166666668,-98.24358066666667
19.019497333333334,-98.24357233333333
19.0194935,-98.24356416666667
19.019489666666665,-98.24355583333333
19.019485833333334,-98.24354733333334
19.019482,-98.24353883333333
19.019478166666666,-98.24353033333334
19.0194745,-98.24352183333333
19.019470666666667,-98.24351316666667
19.019467,-98.24350433333333
19.019463333333334,-98.24349566666666
19.019459833333332,-98.24348666666667
19.019456,-98.24347783333333
19.019452333333334,-98.24346883333334
19.019448666666666,-98.24345983333333
19.019445166666667,-98.24345066666666
19.0194415,-98.2434415
19.019438,-98.24343233333333
19.019434333333333,-98.243423
19.019431,-98.24341383333334
19.0194275,-98.2434045
19.019424166666667,-98.243395
19.019420833333335,-98.2433855
19.019417666666666,-98.243376
19.0194145,-98.24336633333333
19.019411333333334,-98.24335666666667
19.019408333333335,-98.243347
19.0194055,-98.24333716666666
19.019402666666668,-98.24332733333334
19.019399833333335,-98.2433175
19.019397,-98.2433075
19.019394166666668,-98.2432975
19.0193915,-98.2432875
19.019388833333334,-98.2432775
19.0193865,-98.24326733333334
19.019384,-98.2432575
19.019381666666668,-98.2432475
19.019379166666667,-98.24323766666667
19.019376833333332,-98.243228
19.019374666666668,-98.24321816666667
19.019372666666666,-98.2432085
19.019370666666667,-98.24319883333334
19.019368833333335,-98.24318933333333
19.019367,-98.24317983333333
19.019365166666667,-98.2431705
19.019363666666667,-98.2431615
19.019362166666667,-98.2431525
19.0193605,-98.24314366666667
19.019359166666668,-98.24313516666666
19.019357833333334,-98.24312683333333
19.0193565,-98.24311866666666
19.019355333333333,-98.24311083333333
19.019354166666666,-98.24310316666667
19.019353,-98.24309583333333
19.019352,-98.24308883333333
19.019351,-98.24308183333333
19.019349833333333,-98.24307516666667
19.019348833333332,-98.2430685
19.019348,-98.24306183333333
19.019347,-98.24305533333333
19.019346166666665,-98.24304883333333
19.019345166666668,-98.2430425
19.019344333333333,-98.24303616666667
19.019343666666668,-98.24303
19.019342833333333,-98.24302383333334
19.019342166666668,-98.24301783333334
19.0193415,-98.24301183333333
19.019341,-98.243006
19.019340333333332,-98.24300016666666
19.019339666666667,-98.24299466666666
19.019339333333335,-98.2429895
19.019338833333332,-98.24298416666667
19.019338333333334,-98.24297883333334
19.019337833333335,-98.2429735
19.0193375,-98.24296783333334
19.019337166666666,-98.242962
19.019336666666668,-98.2429565
19.019336166666665,-98.24295083333334
19.019335833333333,-98.24294516666667
19.019335666666667,-98.24293983333334
19.0193355,-98.2429345
19.019335166666668,-98.242929
19.019334833333332,-98.2429235
19.019334666666666,-98.24291783333334
19.0193345,-98.24291183333334
19.019334333333333,-98.242906
19.019334166666667,-98.2429
19.019334,-98.242894
19.019333833333334,-98.242888
19.0193335,-98.24288183333333
19.019333333333332,-98.24287566666666
19.019333166666666,-98.24286933333333
19.019333,-98.242863
19.019332833333333,-98.2428565
19.019332666666667,-98.24285
19.0193325,-98.24284333333334
19.019332333333335,-98.24283666666666
19.01933216666667,-98.24282983333333
19.019332,-98.242823
19.019331833333332,-98.24281616666667
19.019331666666666,-98.24280933333333
19.0193315,-98.24280233333333
19.0193315,-98.2427955
19.019331333333334,-98.2427885
19.019331333333334,-98.24278166666667
19.019331166666667,-98.24277466666666
19.019331,-98.24276783333333
19.019331,-98.24276116666667
19.019330833333335,-98.2427545
19.019330666666665,-98.242748
19.019330666666665,-98.24274166666666
19.019330666666665,-98.24273533333333
19.0193305,-98.24272916666666
19.0193305,-98.24272316666666
19.0193305,-98.24271766666666
19.0193305,-98.2427125
19.0193305,-98.24270766666666
19.0193305,-98.24270283333334
19.0193305,-98.24269816666667
19.0193305,-98.24269333333334
19.019330666666665,-98.242689
19.019330666666665,-98.24268483333333
19.019330666666665,-98.24268033333334
19.019330833333335,-98.24267583333334
19.019330833333335,-98.24267133333333
19.019331,-98.24266683333333
19.019331,-98.242662
19.019331,-98.24265766666667
19.019331,-98.242653
19.019331166666667,-98.24264816666667
19.019331166666667,-98.24264316666667
19.019331,-98.2426385
19.019330833333335,-98.24263366666666
19.019330833333335,-98.24262866666666
19.019330833333335,-98.24262383333334
19.019330666666665,-98.24261883333334
19.0193305,-98.24261316666667
19.0193305,-98.24260783333334
19.019330333333333,-98.2426025
19.019330166666666,-98.242597
19.019330166666666,-98.24259133333334
19.01933,-98.24258533333334
19.019329666666668,-98.2425795
19.0193295,-98.24257333333334
19.0193295,-98.24256716666666
19.019329166666665,-98.24256083333333
19.019329,-98.24255433333333
19.019328833333333,-98.24254766666667
19.019328666666667,-98.24254083333334
19.019328333333334,-98.242534
19.019328,-98.242527
19.01932783333333,-98.24251983333333
19.0193275,-98.24251233333334
19.019327166666667,-98.242505
19.019326666666668,-98.24249733333333
19.019326166666666,-98.24248966666667
19.019325833333333,-98.24248183333333
19.019325333333335,-98.24247383333334
19.019324833333332,-98.24246566666666
19.019324333333333,-98.2424575
19.019323833333335,-98.24244916666666
19.019323333333332,-98.24244083333333
19.019322833333334,-98.24243216666666
19.019322333333335,-98.24242366666667
19.019321833333333,-98.24241483333333
19.019321166666668,-98.242406
19.0193205,-98.242397
19.01932,-98.24238783333334
19.019319333333332,-98.24237883333333
19.019319,-98.2423695
19.019318333333334,-98.24236033333334
19.0193175,-98.24235083333333
19.019316833333335,-98.24234133333333
19.019316,-98.24233183333334
19.019315166666665,-98.242322
19.019314333333334,-98.24231233333333
19.0193135,-98.24230233333333
19.0193125,-98.24229233333334
19.019311666666667,-98.24228233333334
19.0193105,-98.24227233333333
19.01930966666667,-98.24226216666666
19.0193085,-98.24225183333333
19.0193075,-98.24224166666667
19.019306333333333,-98.24223133333334
19.01930533333333,-98.24222083333333
19.019304,-98.24221033333333
19.019302833333334,-98.24219983333333
19.0193015,-98.24218933333333
19.0193,-98.24217883333333
19.019298666666668,-98.24216833333334
19.019297166666668,-98.24215783333334
19.019295666666668,-98.2421475
19.019294,-98.242137
19.0192925,-98.24212666666666
19.019290833333333,-98.2421165
19.019289166666667,-98.24210616666667
19.0192875,-98.242096
19.019285833333335,-98.242086
19.019284166666665,-98.242076
19.0192825,-98.24206616666666
19.019281,-98.24205633333334
19.019279333333333,-98.24204666666667
19.019277666666667,-98.24203716666666
19.01927583333333,-98.24202783333334
19.019274,-98.24201866666667
19.0192725,-98.24200983333333
19.019271,-98.24200133333333
19.0192695,-98.241993
19.019268,-98.24198466666667
19.019266666666667,-98.24197683333334
19.019265333333333,-98.24196933333333
19.019263833333333,-98.241962
19.019262666666666,-98.24195483333334
19.0192615,-98.241948
19.019260166666665,-98.24194133333333
19.019259,-98.241935
19.019258,-98.241929
19.019256833333333,-98.24192316666667
19.019255833333332,-98.24191766666667
19.019255,-98.2419125
19.019254166666666,-98.2419075
19.019253166666665,-98.24190283333333
19.0192525,-98.24189833333334
19.0192515,-98.241894
19.019250666666668,-98.24188966666667
19.01925,-98.2418855
19.01924916666667,-98.24188133333334
19.0192485,-98.24187733333333
19.019247833333335,-98.24187383333333
19.019247166666666,-98.24187066666667
19.019246666666668,-98.24186733333333
19.019246,-98.24186383333333
19.019245333333334,-98.24186033333334
19.0192445,-98.24185683333333
19.019243833333334,-98.2418535
19.019243,-98.24184983333333
19.01924216666667,-98.24184633333333
19.0192415,-98.24184283333334
19.019240666666665,-98.24183933333333
19.019239833333334,-98.24183566666666
19.019238833333333,-98.24183133333334
19.019237666666665,-98.241827
19.019236833333334,-98.241823
19.019235833333333,-98.24181883333334
19.019234833333332,-98.2418145
19.019233833333335,-98.24181
19.019232666666667,-98.24180566666666
19.0192315,-98.24180116666666
19.019230166666667,-98.24179583333333
19.019229,-98.241791
19.019227833333332,-98.241786
19.0192265,-98.24178066666667
19.019225166666665,-98.2417755
19.019223833333335,-98.24177
19.01922233333333,-98.2417645
19.019221,-98.24175883333334
19.0192195,-98.241753
19.019217833333332,-98.241747
19.019218666666667,-98.2417435
19.019217,-98.24173733333333
19.01921533333333,-98.241731
19.0192135,-98.2417245
19.019211833333333,-98.241718
19.01921,-98.24171133333333
19.019208166666665,-98.24170466666666
19.019206333333333,-98.24169766666667
19.019204333333334,-98.24169066666667
19.019202333333332,-98.24168366666666
19.0192005,-98.24167633333333
19.019198333333332,-98.241669
19.019196166666667,-98.2416615
19.019194,-98.24165383333333
19.019191833333334,-98.24164616666667
19.0191895,-98.2416385
19.019187166666665,-98.2416305
19.019184666666668,-98.24162266666667
19.019182333333333,-98.24161466666666
19.019179833333332,-98.2416065
19.01917733333333,-98.24159816666666
19.019174833333334,-98.24158966666667
19.019172166666667,-98.24158116666666
19.019169666666667,-98.24157266666667
19.019167,-98.241564
19.019164166666666,-98.24155533333334
19.0191615,-98.2415465
19.019158666666666,-98.24153766666667
19.019155833333333,-98.24152866666667
19.019153,-98.24151966666666
19.01915,-98.24151066666667
19.019147166666666,-98.24150133333333
19.019144166666667,-98.24149216666666
19.019141,-98.24148266666667
19.019138,-98.24147333333333
19.019134833333332,-98.24146383333333
19.0191315,-98.24145433333334
19.01912816666667,-98.24144483333333
19.019124833333333,-98.24143516666666
19.019121333333334,-98.2414255
19.019117833333333,-98.24141566666667
19.019114333333334,-98.241406
19.019110833333333,-98.241396
19.019107333333334,-98.241386
19.0191035,-98.24137616666667
19.019099833333332,-98.24136616666667
19.019096,-98.241356
19.019092166666667,-98.24134583333333
19.019088166666666,-98.24133566666667
19.019084166666666,-98.2413255
19.019080166666665,-98.24131516666667
19.019076,-98.24130483333333
19.019071833333335,-98.24129433333333
19.01906766666667,-98.241284
19.01906333333333,-98.2412735
19.01905916666667,-98.241263
19.019054833333332,-98.24125266666667
19.019050333333333,-98.24124216666667
19.019045833333333,-98.2412315
19.019041333333334,-98.24122083333333
19.01903666666667,-98.24121033333333
19.019032166666666,-98.24119983333334
19.0190275,-98.24118916666667
19.019022833333334,-98.2411785
19.019017833333333,-98.241168
19.019013,-98.24115766666667
19.019008166666666,-98.24114716666666
19.019003333333334,-98.2411365
19.0189985,-98.24112583333333
19.018993666666667,-98.24111516666666
19.018988666666665,-98.24110466666667
19.018983666666667,-98.24109416666667
19.0189785,-98.24108366666667
19.018973333333335,-98.24107316666667
19.018968333333333,-98.24106283333333
19.018963333333332,-98.24105233333333
19.018958,-98.24104216666667
19.018953166666666,-98.241032
19.018948,-98.241022
19.018943,-98.24101216666666
19.01893816666667,-98.2410025
19.018933166666667,-98.24099316666667
19.018928333333335,-98.24098383333333
19.018923666666666,-98.24097483333334
19.018919,-98.24096616666667
19.0189145,-98.24095766666667
19.018910166666668,-98.24094933333333
19.018905833333335,-98.24094133333334
19.018901666666668,-98.24093366666666
19.018897666666668,-98.24092616666667
19.018893666666667,-98.24091916666667
19.018889833333333,-98.24091233333333
19.018886166666668,-98.24090583333333
19.018882666666666,-98.24089933333333
19.0188795,-98.24089316666667
19.018876166666665,-98.24088716666667
19.018872833333333,-98.24088133333333
19.018869833333333,-98.24087566666667
19.018866666666668,-98.24086983333333
19.018863666666668,-98.24086433333333
19.0188605,-98.24085866666667
19.018857333333333,-98.24085316666667
19.0188545,-98.24084766666667
19.018851333333334,-98.24084233333333
19.018848333333334,-98.240837
19.0188455,-98.2408315
19.0188425,-98.24082666666666
19.01883966666667,-98.24082183333333
19.018837166666668,-98.24081666666666
19.0188345,-98.24081133333334
19.0188315,-98.240806
19.0188285,-98.24080066666667
19.0188255,-98.2407955
19.0188225,-98.24079016666667
19.0188195,-98.24078483333334
19.0188165,-98.24077983333333
19.018813333333334,-98.2407745
19.01881,-98.240769
19.018806666666666,-98.24076333333333
19.018803333333334,-98.24075733333333
19.018799666666666,-98.24075166666667
19.018796166666668,-98.24074566666667
19.0187925,-98.24073983333334
19.018788833333332,-98.24073366666667
19.018785,-98.2407275
19.018781166666667,-98.24072116666666
19.018777333333333,-98.240715
19.018773166666666,-98.24070883333333
19.018769166666665,-98.24070233333333
19.018765,-98.24069583333333
19.018760666666665,-98.24068916666667
19.018756333333332,-98.24068266666667
19.018751666666667,-98.240676
19.018747333333334,-98.24066933333333
19.018742833333334,-98.2406625
19.018738166666665,-98.2406555
19.0187335,-98.24064883333334
19.018728666666668,-98.24064183333333
19.018723833333333,-98.24063483333333
19.018719,-98.24062783333333
19.018714,-98.24062083333334
19.018709,-98.24061366666666
19.018703833333333,-98.2406065
19.018698666666666,-98.24059933333334
19.018693333333335,-98.24059233333334
19.018688,-98.24058516666666
19.018682333333334,-98.24057816666667
19.018676666666668,-98.24057083333334
19.018671,-98.24056383333334
19.01866516666667,-98.24055683333333
19.018659,-98.24054983333333
19.018652833333334,-98.24054283333334
19.0186465,-98.240536
19.01864,-98.24052933333333
19.0186335,-98.24052283333333
19.018626666666666,-98.2405165
19.018619833333332,-98.24051033333333
19.018612833333332,-98.24050416666667
19.018605666666666,-98.240498
19.0185985,-98.24049216666667
19.018591,-98.2404865
19.0185835,-98.24048083333334
19.018576,-98.2404755
19.018568166666668,-98.24047016666667
19.018560333333333,-98.24046533333333
19.018552333333332,-98.2404605
19.018544333333335,-98.240456
19.018536166666667,-98.24045166666667
19.018527833333334,-98.2404475
19.0185195,-98.2404435
19.018511333333333,-98.24043966666666
19.018503,-98.24043633333334
19.018494666666665,-98.24043283333333
19.018486166666666,-98.24042966666667
19.018477833333332,-98.24042666666666
19.0184695,-98.24042383333334
19.01846116666667,-98.240421
19.018452666666665,-98.24041816666667
19.018444333333335,-98.2404155
19.018435833333335,-98.24041283333334
19.0184275,-98.24041
19.018419,-98.24040733333334
19.0184105,-98.24040466666666
19.018402,-98.24040216666667
19.018393666666668,-98.24039933333333
19.018385333333335,-98.24039666666667
19.018377,-98.240394
19.018368833333334,-98.24039116666667
19.018360666666666,-98.2403885
19.018352666666665,-98.24038566666667
19.018344666666668,-98.240383
19.018336833333333,-98.24038
19.018329,-98.24037733333333
19.018321333333333,-98.2403745
19.018313833333334,-98.24037183333333
19.018306333333335,-98.24036916666667
19.018299166666665,-98.2403665
19.018292,-98.24036366666667
19.018285166666665,-98.240361
19.0182785,-98.2403585
19.018272,-98.24035583333334
19.018265666666668,-98.24035333333333
19.0182595,-98.24035083333334
19.018253666666666,-98.24034833333333
19.018248,-98.24034583333334
19.018242333333333,-98.2403435
19.018237,-98.24034116666667
19.018231833333335,-98.240339
19.018227,-98.24033683333333
19.018222166666668,-98.24033483333334
19.018217666666665,-98.240333
19.018213333333332,-98.24033116666666
19.018209333333335,-98.2403295
19.0182055,-98.24032783333334
19.018201833333332,-98.24032633333333
19.018198333333334,-98.24032483333333
19.01819516666667,-98.2403235
19.018192166666665,-98.24032233333334
19.018189333333332,-98.24032116666666
19.018186666666665,-98.24032016666666
19.018184,-98.24031916666667
19.018181666666667,-98.24031816666667
19.0181795,-98.24031733333334
19.0181775,-98.2403165
19.018175666666668,-98.24031583333333
19.018174,-98.24031516666666
19.0181725,-98.24031466666666
19.018171166666665,-98.24031416666666
19.01817,-98.24031366666667
19.018169,-98.24031333333333
19.018168166666666,-98.24031283333333
19.018167333333334,-98.24031266666667
19.018166833333332,-98.2403125
19.018166333333333,-98.24031216666667
19.018166,-98.240312
19.01816566666667,-98.240312
19.018164166666665,-98.24031133333334
19.018163666666666,-98.24031116666667
19.018163,-98.240311
19.018162166666666,-98.2403105
19.018161166666665,-98.24031016666666
19.01816,-98.24030966666666
19.018158833333334,-98.24030933333333
19.0181575,-98.24030883333333
19.018156,-98.24030816666667
19.0181545,-98.24030766666667
19.018152833333332,-98.240307
19.018151166666666,-98.24030633333334
19.018149333333334,-98.24030566666667
19.0181475,-98.240305
19.0181455,-98.2403045
19.0181435,-98.24030383333333
19.018141333333332,-98.24030316666666
19.018139166666668,-98.24030266666666
19.018137,-98.240302
19.01813466666667,-98.2403015
19.0181325,-98.240301
19.0181305,-98.24030033333334
19.018128333333333,-98.24029966666667
19.018126,-98.24029966666667
19.0181235,-98.24030016666667
19.018121,-98.24030033333334
19.018118166666667,-98.24029966666667
19.0181155,-98.24029866666666
19.0181125,-98.2402985
19.018109666666668,-98.24029883333333
19.0181065,-98.24029883333333
19.018103333333332,-98.2402985
19.018100333333333,-98.24029866666666
19.018097333333333,-98.24029933333334
19.018094333333334,-98.24029966666667
19.018091,-98.2402995
19.018087333333334,-98.24029983333334
19.018083833333332,-98.2403005
19.0180805,-98.24030133333333
19.018076666666666,-98.24030183333333
19.018073,-98.24030266666666
19.018069166666667,-98.24030333333333
19.018065166666666,-98.24030433333333
19.018061166666666,-98.2403055
19.018057166666665,-98.24030666666667
19.018053,-98.24030816666667
19.018048833333335,-98.2403095
19.01804466666667,-98.240311
19.0180405,-98.24031266666667
19.01803616666667,-98.2403145
19.018032,-98.24031633333334
19.018027833333335,-98.24031833333333
19.018023333333332,-98.24032033333333
19.018019166666665,-98.24032233333334
19.018014833333332,-98.2403245
19.018010333333333,-98.24032633333333
19.018006,-98.2403285
19.018001666666667,-98.2403305
19.017997333333334,-98.2403325
19.017993,-98.24033466666667
19.017988666666668,-98.24033683333333
19.0179845,-98.24033916666667
19.017980333333334,-98.2403415
19.017976,-98.24034383333333
19.017971833333334,-98.24034616666667
19.017967833333334,-98.24034866666666
19.017963666666667,-98.24035116666667
19.017959666666666,-98.24035333333333
19.017955833333332,-98.24035583333334
19.017952,-98.24035833333333
19.017948166666667,-98.24036066666666
19.0179445,-98.24036333333333
19.0179405,-98.24036583333333
19.017936666666667,-98.2403685
19.017932833333333,-98.24037116666666
19.017928833333333,-98.24037383333334
19.017925,-98.24037666666666
19.017921,-98.2403795
19.017917166666667,-98.2403825
19.017913166666666,-98.2403855
19.017909166666666,-98.2403885
19.017905166666665,-98.24039183333333
19.017901,-98.24039516666667
19.017897,-98.2403985
19.017893,-98.240402
19.017888833333334,-98.2404055
19.0178845,-98.240409
19.0178805,-98.24041283333334
19.017876333333334,-98.2404165
19.017872,-98.24042033333333
19.017867833333334,-98.24042416666667
19.017863666666667,-98.24042816666666
19.017859166666668,-98.24043216666666
19.017854833333335,-98.24043633333334
19.0178505,-98.24044083333334
19.017846333333335,-98.24044516666666
19.017842333333334,-98.240449
19.017838166666667,-98.24045333333333
19.017834166666667,-98.24045766666667
19.01783,-98.2404625
19.0178255,-98.24046716666666
19.017821333333334,-98.24047183333333
19.0178175,-98.24047666666667
19.017813666666665,-98.24048183333333
19.017809333333332,-98.24048666666667
19.017805,-98.2404915
19.017800833333332,-98.24049666666667
19.017797,-98.24050216666667
19.017793,-98.24050733333333
19.017788666666668,-98.2405125
19.017784666666667,-98.24051766666666
19.0177805,-98.24052333333333
19.0177765,-98.240529
19.0177725,-98.24053466666666
19.0177685,-98.2405405
19.0177645,-98.24054633333333
19.0177605,-98.24055233333333
19.017756666666667,-98.2405585
19.017752833333333,-98.24056466666667
19.017749,-98.24057083333334
19.017745333333334,-98.24057733333333
19.0177415,-98.24058366666667
19.017737666666665,-98.24059016666666
19.017734,-98.24059666666666
19.017730166666666,-98.24060316666667
19.017726333333332,-98.24060983333334
19.0177225,-98.2406165
19.017718666666667,-98.24062316666667
19.017715,-98.24063
19.01771116666667,-98.24063683333334
19.017707333333334,-98.24064366666667
19.017703333333333,-98.24065033333333
19.0176995,-98.24065733333333
19.01769566666667,-98.24066416666666
19.017691833333334,-98.24067133333334
19.017687833333333,-98.24067833333334
19.017684,-98.24068533333333
19.01768,-98.24069233333333
19.017676,-98.2406995
19.017671833333335,-98.24070633333334
19.017668,-98.24071366666666
19.017664,-98.24072083333333
19.017659833333333,-98.240728
19.017655833333333,-98.240735
19.0176515,-98.24074216666666
19.017647333333333,-98.24074916666666
19.017643166666666,-98.24075616666667
19.017638,-98.24076216666667
19.017633,-98.24076833333334
19.0176285,-98.24077516666667
19.017624333333334,-98.24078166666666
19.017620166666667,-98.240788
19.017615833333334,-98.24079433333333
19.0176115,-98.24080066666667
19.0176075,-98.240807
19.0176035,-98.240813
19.017599,-98.24081866666667
19.0175945,-98.2408245
19.0175905,-98.24083033333334
19.017586666666666,-98.240836
19.017582666666666,-98.24084133333334
19.017578666666665,-98.24084666666667
19.0175745,-98.24085166666667
19.01757033333333,-98.2408565
19.017566333333335,-98.24086133333333
19.017562333333334,-98.240866
19.017558833333332,-98.24087083333333
19.017555333333334,-98.24087533333334
19.017551666666666,-98.2408795
19.0175485,-98.24088366666666
19.017545333333334,-98.2408875
19.0175425,-98.24089133333334
19.017539833333334,-98.24089483333333
19.017537166666667,-98.24089816666667
19.017534666666666,-98.24090133333333
19.01753233333333,-98.24090433333333
19.01753,-98.24090716666667
19.0175275,-98.24091
19.017525166666665,-98.24091283333334
19.017522833333334,-98.24091583333333
19.017520833333332,-98.24091833333334
19.017519,-98.24092066666667
19.01751683333333,-98.24092316666666
19.017514833333333,-98.24092566666667
19.017512666666665,-98.240928
19.0175105,-98.24093033333334
19.0175085,-98.240933
19.017506333333333,-98.24093533333334
19.017504166666665,-98.24093783333333
19.017502166666667,-98.24094033333333
19.017500166666668,-98.24094266666667
19.017498166666666,-98.240945
19.017496,-98.240947
19.017494,-98.24094916666667
19.017492166666667,-98.24095133333333
19.01749,-98.2409535
19.017488,-98.2409555
19.017486166666668,-98.24095766666667
19.017484166666666,-98.24095983333333
19.017482166666667,-98.240962
19.017480333333335,-98.24096416666667
19.0174785,-98.24096616666667
19.017476666666667,-98.24096833333333
19.017474833333335,-98.24097066666667
19.017473,-98.24097316666666
19.017471,-98.2409755
19.017469166666668,-98.24097816666666
19.017467333333332,-98.240981
19.017466166666665,-98.240984
19.01746483333333,-98.24098683333334
19.017463666666668,-98.2409895
19.0174625,-98.24099216666667
19.017461833333332,-98.24099483333333
19.017461166666667,-98.24099783333334
19.017461,-98.24100083333333
19.0174605,-98.24100383333334
19.017460333333332,-98.241007
19.01746066666667,-98.2410105
19.017461166666667,-98.24101383333333
19.017461333333333,-98.24101716666667
19.017461833333332,-98.24102066666667
19.0174625,-98.24102433333333
19.017463333333332,-98.24102783333333
19.017464333333333,-98.24103133333334
19.0174655,-98.24103533333333
19.017466666666667,-98.24103883333333
19.017468,-98.241043
19.017469333333334,-98.241047
19.017471,-98.241051
19.017472666666666,-98.24105516666667
19.017474166666666,-98.24105933333334
19.017475833333332,-98.24106366666666
19.0174775,-98.241068
19.017479166666668,-98.2410725
19.017480833333334,-98.241077
19.017482666666666,-98.24108183333334
19.0174845,-98.2410865
19.017486333333334,-98.24109133333333
19.017488166666666,-98.24109633333333
19.017490166666665,-98.24110133333333
19.017492,-98.2411065
19.017494,-98.24111183333333
19.017495833333335,-98.241117
19.017497833333334,-98.2411225
19.017499833333332,-98.24112783333334
19.017501833333334,-98.2411335
19.017503666666666,-98.24113916666667
19.01750566666667,-98.24114483333334
19.017507666666667,-98.24115066666667
19.01750983333333,-98.2411565
19.017511833333334,-98.2411625
19.017513833333332,-98.2411685
19.017515833333334,-98.24117466666667
19.017518,-98.24118083333333
19.01752,-98.241187
19.017522,-98.24119333333333
19.017524,-98.24119983333334
19.017526,-98.24120616666667
19.017528,-98.24121283333334
19.017530166666667,-98.24121933333333
19.017532166666665,-98.241226
19.017534166666668,-98.24123266666666
19.017536166666666,-98.24123933333334
19.017538166666668,-98.24124616666667
19.017540333333333,-98.241253
19.017542333333335,-98.24125983333333
19.0175445,-98.24126683333333
19.0175465,-98.24127366666667
19.0175485,-98.2412805
19.017550666666665,-98.24128766666666
19.017552833333333,-98.2412945
19.01755483333333,-98.24130166666667
19.017557,-98.24130866666667
19.01755916666667,-98.24131566666667
19.017561166666667,-98.24132266666666
19.01756333333333,-98.24132983333334
19.017565333333334,-98.241337
19.017567333333332,-98.24134416666666
19.0175695,-98.24135116666666
19.0175715,-98.24135833333334
19.017573666666667,-98.24136533333333
19.017575666666666,-98.24137233333333
19.017577833333334,-98.2413795
19.017579833333333,-98.2413865
19.017582,-98.24139366666667
19.017584,-98.24140066666666
19.017586,-98.24140766666666
19.017588,-98.24141466666667
19.01759,-98.24142183333333
19.017591833333334,-98.24142883333333
19.017593833333333,-98.24143583333333
19.017595833333335,-98.24144283333334
19.017597833333333,-98.24145
19.017599833333332,-98.24145683333333
19.017601666666668,-98.24146383333333
19.017603666666666,-98.24147066666667
19.017605666666668,-98.2414775
19.0176075,-98.24148416666667
19.017609333333333,-98.24149083333333
19.017611166666665,-98.24149733333333
19.017612833333335,-98.24150383333334
19.017614666666667,-98.24151016666667
19.017616333333333,-98.24151633333334
19.017618,-98.24152266666667
19.01761966666667,-98.2415285
19.017621333333334,-98.2415345
19.017622833333334,-98.24154033333333
19.017624166666668,-98.241546
19.0176255,-98.24155183333333
19.017626833333335,-98.24155733333333
19.017628,-98.24156266666667
19.017629,-98.241568
19.017629666666668,-98.24157333333333
19.017630333333333,-98.2415785
19.017631,-98.24158366666667
19.017631333333334,-98.241589
19.0176315,-98.24159416666667
19.017631333333334,-98.24159933333334
19.017631166666668,-98.24160433333333
19.01763083333333,-98.2416095
19.017630333333333,-98.2416145
19.017629666666668,-98.2416195
19.0176285,-98.24162433333333
19.017627333333333,-98.24162916666667
19.017625833333334,-98.241634
19.017624166666668,-98.24163866666666
19.017622333333332,-98.24164333333333
19.017620333333333,-98.241648
19.017618,-98.24165233333333
19.01761533333333,-98.24165683333334
19.01761266666667,-98.24166116666666
19.017609833333335,-98.24166533333333
19.017606666666666,-98.2416695
19.0176035,-98.2416735
19.017600166666668,-98.2416775
19.017596666666666,-98.2416815
19.017593,-98.24168533333334
19.017589333333333,-98.24168933333333
19.0175855,-98.24169333333333
19.01758166666667,-98.24169716666667
19.017577666666668,-98.24170116666667
19.0175735,-98.24170516666666
19.017569333333334,-98.24170916666667
19.017565166666667,-98.24171316666667
19.017560833333334,-98.24171716666666
19.017556333333335,-98.24172133333333
19.017552,-98.2417255
19.0175475,-98.24172966666667
19.017542833333334,-98.24173383333333
19.017538333333334,-98.24173816666666
19.017533666666665,-98.2417425
19.017529,-98.241747
19.017524333333334,-98.2417515
19.017519666666665,-98.241756
19.017514833333333,-98.24176066666666
19.017510333333334,-98.24176533333333
19.017509,-98.24177016666667
19.017504,-98.24177483333334
19.017499,-98.24178
19.017494,-98.241785
19.017489166666667,-98.24179016666666
19.0174845,-98.24179533333333
19.01748,-98.24180066666666
19.0174745,-98.24180566666666
19.01747,-98.24181083333333
19.017465666666666,-98.24181616666667
19.017461333333333,-98.24182183333333
19.017457166666667,-98.2418275
19.017453,-98.2418335
19.017449,-98.2418395
19.017445,-98.2418455
19.017441,-98.2418515
19.017437166666667,-98.24185766666666
19.0174335,-98.241864
19.017429666666665,-98.24187033333334
19.017426333333333,-98.241877
19.017423166666667,-98.24188366666667
19.017419833333335,-98.24189016666666
19.017416833333332,-98.241897
19.017413833333332,-98.24190383333334
19.017411,-98.24191083333334
19.017408333333332,-98.24191783333333
19.017405833333335,-98.24192483333333
19.017403666666667,-98.241932
19.017401166666666,-98.24193883333334
19.017399,-98.24194583333333
19.017397166666665,-98.24195283333333
19.0173955,-98.24196
19.017393666666667,-98.24196733333333
19.017392,-98.24197433333333
19.017390333333335,-98.2419815
19.017389166666668,-98.2419885
19.017388,-98.2419955
19.017386833333333,-98.24200233333333
19.017386,-98.24200933333333
19.017385166666667,-98.24201633333334
19.017384166666666,-98.24202333333334
19.017383333333335,-98.24203016666667
19.017382833333333,-98.242037
19.017382333333334,-98.24204366666666
19.017381666666665,-98.2420505
19.017381333333333,-98.24205716666667
19.017380833333334,-98.24206366666667
19.0173805,-98.24207033333333
19.017380333333332,-98.24207683333333
19.017380166666666,-98.24208316666666
19.01738,-98.2420895
19.017380166666666,-98.24209583333334
19.017380333333332,-98.24210183333334
19.0173805,-98.24210783333334
19.017380666666668,-98.24211366666667
19.017381,-98.2421195
19.0173815,-98.24212516666667
19.017382,-98.2421305
19.017382333333334,-98.24213583333334
19.017383,-98.24214116666667
19.017383666666667,-98.24214616666667
19.0173845,-98.24215116666667
19.017385166666667,-98.242156
19.017386,-98.2421605
19.017386833333333,-98.24216516666667
19.0173875,-98.2421695
19.0173885,-98.24217366666667
19.017389333333334,-98.24217766666666
19.01739,-98.24218166666667
19.0173905,-98.2421855
